conf_uri,uri,name,logo,homepage,member_list,cnt_member
http://data.semanticweb.org/conference/iswc/2013,http://data.semanticweb.org/organization/aalto-university,Aalto University,,,Tomi Kauppinen; Eero Hyvönen,2
http://data.semanticweb.org/conference/iswc/2013,http://data.semanticweb.org/organization/aifb-university-of-karlsruhe,"AIFB, University of Karlsruhe",,,Yongtao Ma; Thanh Tran; Sebastian Rudolph; Daniel M. Herzig; Barry Norton; Andreas Harth,6
http://data.semanticweb.org/conference/iswc/2013,http://data.semanticweb.org/organization/alcatel-lucent-bell-labs,Alcatel Lucent Bell Labs,,,Knarig Arabshian; Alessandra Sala,2
http://data.semanticweb.org/conference/iswc/2013,http://data.semanticweb.org/organization/american-university-of-beirut,American University of Beirut,,,Fouad Zablith,1
http://data.semanticweb.org/conference/iswc/2013,http://data.semanticweb.org/organization/argus-labs,Argus Labs,,,David Damen,1
http://data.semanticweb.org/conference/iswc/2013,http://data.semanticweb.org/organization/aston-university,Aston University,,,Victoria Uren; Christopher Brewster,2
http://data.semanticweb.org/conference/iswc/2013,http://data.semanticweb.org/organization/australian-bureau-of-statistics,Australian Bureau of Statistics,,,Alistair Hamilton,1
http://data.semanticweb.org/conference/iswc/2013,http://data.semanticweb.org/organization/australian-national-university,Australian National University,,,Peter Christen; Lexing Xie; Kerry Taylor; Charith Perera; Anila Sahar Butt,5
http://data.semanticweb.org/conference/iswc/2013,http://data.semanticweb.org/organization/australian-proteome-analysis-facility,Australian Proteome Analysis Facility,,,Xiaomin Song; Mark Molloy; Jemma Wu; Edmond Breen; Brett Cooke,5
http://data.semanticweb.org/conference/iswc/2013,http://data.semanticweb.org/organization/autonomous-university-of-madrid,Autonomous University of Madrid,,,Iván Cantador,1
http://data.semanticweb.org/conference/iswc/2013,http://data.semanticweb.org/organization/bbc,BBC,,,Yves Raimond; Sofia Angeletou; Michael Smethurst; Christopher Lowis; Andrew McParland,5
http://data.semanticweb.org/conference/iswc/2013,http://data.semanticweb.org/organization/bbn-technologies,BBN Technologies,,,Mike Dean,1
http://data.semanticweb.org/conference/iswc/2013,http://data.semanticweb.org/organization/beijing-normal-university,Beijing Normal University,,,Mingquan Zhou; Rongfang Bie; Mengling Xu; Zhichun Wang; Chen Zheng; Wantian Ke,6
http://data.semanticweb.org/conference/iswc/2013,http://data.semanticweb.org/organization/bielefeld-university,Bielefeld University,,,Philipp Cimiano,1
http://data.semanticweb.org/conference/iswc/2013,http://data.semanticweb.org/organization/birzeit-university,Birzeit University,,,Mustafa Jarrar,1
http://data.semanticweb.org/conference/iswc/2013,http://data.semanticweb.org/organization/braunschweig-university-of-technology,Braunschweig University of Technology,,,Wolf-Tilo Balke; Silviu Homoceanu; Philipp Wille,3
http://data.semanticweb.org/conference/iswc/2013,http://data.semanticweb.org/organization/bridgewater-college,Bridgewater College,,,Abir Qasem,1
http://data.semanticweb.org/conference/iswc/2013,http://data.semanticweb.org/organization/bundeswehr-university-munich,Bundeswehr University Munich,,,Martin Hepp,1
http://data.semanticweb.org/conference/iswc/2013,http://data.semanticweb.org/organization/bureau-of-meteorology,Bureau of Meteorology,,,Andrew Woolf,1
http://data.semanticweb.org/conference/iswc/2013,http://data.semanticweb.org/organization/capsenta-inc,Capsenta Inc,,,Daniel P. Miranker,1
http://data.semanticweb.org/conference/iswc/2013,http://data.semanticweb.org/organization/carleton-university,Carleton University,,,Michel Dumontier,1
http://data.semanticweb.org/conference/iswc/2013,http://data.semanticweb.org/organization/cefriel,CEFRIEL,,,Irene Celino,1
http://data.semanticweb.org/conference/iswc/2013,http://data.semanticweb.org/organization/celct,CELCT,,,Rachele Sprugnoli,1
http://data.semanticweb.org/conference/iswc/2013,http://data.semanticweb.org/organization/centrum-wiskunde-informatica,Centrum Wiskunde & Informatica,,,Hannes Mühleisen,1
http://data.semanticweb.org/conference/iswc/2013,http://data.semanticweb.org/organization/clark-parsia,Clark & Parsia,,,Héctor Pérez-Urbina,1
http://data.semanticweb.org/conference/iswc/2013,http://data.semanticweb.org/organization/claude-bernard-university-lyon-1,Claude Bernard University Lyon 1,,,Samir Amir; Pierre-Antoine Champin; Hassan Aït-Kaci,3
http://data.semanticweb.org/conference/iswc/2013,http://data.semanticweb.org/organization/cmu,CMU,,,William Cohen,1
http://data.semanticweb.org/conference/iswc/2013,http://data.semanticweb.org/organization/cnrs,CNRS,,,Pierre Genevès,1
http://data.semanticweb.org/conference/iswc/2013,http://data.semanticweb.org/organization/collibra-nv,Collibra NV,,,Pieter De Leenheer,1
http://data.semanticweb.org/conference/iswc/2013,http://data.semanticweb.org/organization/computer-research-institute-of-montreal,Computer Research Institute of Montreal,,,Caroline Barrière,1
http://data.semanticweb.org/conference/iswc/2013,http://data.semanticweb.org/organization/concordia-university,Concordia University,,,René Witte,1
http://data.semanticweb.org/conference/iswc/2013,http://data.semanticweb.org/organization/connected-discovery,Connected Discovery,,,Lee Harland,1
http://data.semanticweb.org/conference/iswc/2013,http://data.semanticweb.org/organization/create-net,Create-Net,,,Federico Michele Facca,1
http://data.semanticweb.org/conference/iswc/2013,http://data.semanticweb.org/organization/csiro-australia,CSIRO Australia,http://iswc2013.semanticweb.org/sites/default/files/logo_0.png?1352431679,http://research.ict.csiro.au/,Raj Gaire; Dimitrios Georgakopoulos; David Ratcliffe; Ritaban Dutta; Laurent Lefort; Charith Perera; Greg Timms; Michael Compton; Arkady Zaslavsky; Heiko Mueller; Shepherd Liu; Kerry Taylor; Armin Haller; Ahsan Morshed,14
http://data.semanticweb.org/conference/iswc/2013,http://data.semanticweb.org/organization/cwi-amsterdam,CWI Amsterdam,,,Lynda Hardman; Jacco van Ossenbruggen,2
http://data.semanticweb.org/conference/iswc/2013,http://data.semanticweb.org/organization/czech-technical-university-in-prague,Czech Technical University in Prague,,,Tomas Vitvar,1
http://data.semanticweb.org/conference/iswc/2013,http://data.semanticweb.org/organization/data-archiving-and-networked-services-dans,Data Archiving and Networked Services (DANS),,,Christophe Guéret,1
http://data.semanticweb.org/conference/iswc/2013,http://data.semanticweb.org/organization/datapop-inc,"DataPop, Inc.",,,Cartic Ramakrishnan,1
http://data.semanticweb.org/conference/iswc/2013,http://data.semanticweb.org/organization/delft-university-of-technology,Delft University of Technology,,,Geert-Jan Houben,1
http://data.semanticweb.org/conference/iswc/2013,http://data.semanticweb.org/organization/deri-galway,"DERI, Galway",,,Paul Buitelaar; Emir Muñoz; Ahmed Abdelrahman; Richard Cyganiak; Siegfried Handschuh; Josiane Xavier Parreira; Helena Deus; Chan Le Van; Muhammad Saleem; Alessandra Mileo; Brian Davis; Matthias Nickles; Stefan Decker; Hoan Nguyen Mau Quoc; Giovanni Tummarello; Andre Freitas; Aidan Hogan; Manfred Hauswirth; Edward Curry; Danh Le Phuoc; Sabrina Kirrane,21
http://data.semanticweb.org/conference/iswc/2013,http://data.semanticweb.org/organization/derivo-gmbh,Derivo GmbH,,,Thorsten Liebig,1
http://data.semanticweb.org/conference/iswc/2013,http://data.semanticweb.org/organization/disi-universita-degli-studi-di-trento,DISI – Universita ́ degli Studi di Trento,,,Themis Palpanas; Mikalai Tsytsarau,2
http://data.semanticweb.org/conference/iswc/2013,http://data.semanticweb.org/organization/dresden-university-of-technology,Dresden University of Technology,,,Anni-Yasmin Turhan,1
http://data.semanticweb.org/conference/iswc/2013,http://data.semanticweb.org/organization/duke-university,Duke University,,,Ricardo Pietrobon; Joao Ricardo Nickenig Vissoci,2
http://data.semanticweb.org/conference/iswc/2013,http://data.semanticweb.org/organization/ebay,eBay,,,Ming Mao,1
http://data.semanticweb.org/conference/iswc/2013,http://data.semanticweb.org/organization/ecole-centrale-paris,École Centrale Paris,,,Marie-Aude Aufaure,1
http://data.semanticweb.org/conference/iswc/2013,http://data.semanticweb.org/organization/ecole-nationale-superieure-des-mines-de-saint-etienne,École Nationale Supérieure des Mines de Saint-Étienne,,,Antoine Zimmermann,1
http://data.semanticweb.org/conference/iswc/2013,http://data.semanticweb.org/organization/electricite-de-france,Électricité de France,,,Pierre Chaussecourte; Laurent Pierre,2
http://data.semanticweb.org/conference/iswc/2013,http://data.semanticweb.org/organization/epfl,EPFL,,,Michele Catasta; Manos Karpathiotakis; Karl Aberer,3
http://data.semanticweb.org/conference/iswc/2013,http://data.semanticweb.org/organization/eurecom,EURECOM,,,Raphaël Troncy,1
http://data.semanticweb.org/conference/iswc/2013,http://data.semanticweb.org/organization/europeana,Europeana,,,Antoine Isaac,1
http://data.semanticweb.org/conference/iswc/2013,http://data.semanticweb.org/organization/fbk,FBK,,,Sara Tonelli,1
http://data.semanticweb.org/conference/iswc/2013,http://data.semanticweb.org/organization/florida-institute-for-human-and-machine-cognition,Florida Institute for Human and Machine Cognition,,,Pat Hayes,1
http://data.semanticweb.org/conference/iswc/2013,http://data.semanticweb.org/organization/fluid-operations,Fluid Operations,http://iswc2013.semanticweb.org/sites/default/files/fluidoperations.png?1363060897,http://www.fluidops.com/,Peter Haase; Christoph Pinkel; Andriy Nikolov; Christian Hütter; Andreas Schwarte; Michael Schmidt; Johannes Trame,7
http://data.semanticweb.org/conference/iswc/2013,http://data.semanticweb.org/organization/fluminense-federal-university,Fluminense Federal University,,,Luiz André P. Paes Leme,1
http://data.semanticweb.org/conference/iswc/2013,http://data.semanticweb.org/organization/fondazione-bruno-kessler,Fondazione Bruno Kessler,,,Marco Rospocher; Luciano Serafini; Claudio Giuliano; Alberto Lavelli,4
http://data.semanticweb.org/conference/iswc/2013,http://data.semanticweb.org/organization/forth-ics,FORTH-ICS,,,Vassilis Christophides; Dimitris Plexousakis,2
http://data.semanticweb.org/conference/iswc/2013,http://data.semanticweb.org/organization/free-university-of-bozen-bolzano,Free University of Bozen-Bolzano,,,Werner Nutt; Simon Razniewski; Fariz Darari; Sarunas Marciuska; Alessandro Mosca; Enrico Franconi; Mariano Rodriguez-Muro; Timea Bagosi; Diego Calvanese; Giuseppe Pirrò,10
http://data.semanticweb.org/conference/iswc/2013,http://data.semanticweb.org/organization/freelance-technologist,Freelance Technologist,,,Leigh Dodds,1
http://data.semanticweb.org/conference/iswc/2013,http://data.semanticweb.org/organization/freudenberg-it,Freudenberg IT,,,Timo Weber; Michael Schmidt,2
http://data.semanticweb.org/conference/iswc/2013,http://data.semanticweb.org/organization/ftw-telecommunications-research-center-vienna,FTW Telecommunications Research Center Vienna,,,Anna Fensel,1
http://data.semanticweb.org/conference/iswc/2013,http://data.semanticweb.org/organization/fujitsu,Fujitsu,,,Takahide Matsutsuka; Pierre-Yves Vanderbussche; Pierre-Yves Vandenbussche; Jürgen Umbrich; Bo Hu,5
http://data.semanticweb.org/conference/iswc/2013,http://data.semanticweb.org/organization/fzi-forschungszentruminformatik,FZI Forschungszentrum_Informatik,,,Nenad Stojanovic,1
http://data.semanticweb.org/conference/iswc/2013,http://data.semanticweb.org/organization/george-mason-university,George Mason University,,,Rommel Carvalho; Paulo Costa; Kathryn Laskey,3
http://data.semanticweb.org/conference/iswc/2013,http://data.semanticweb.org/organization/german-research-centre-for-artificial-intelligence-dfki,German Research Centre for Artificial Intelligence (DFKI),,,Sebastian Krause; Gunnar Aastrand Grimnes; Feiyu Xu; Hans Uszkoreit; Hong Li; Matthias Klusch,6
http://data.semanticweb.org/conference/iswc/2013,http://data.semanticweb.org/organization/ghent-university,Ghent University,,,Pieter Colpaert; Stijn Verstichel; Rik Van de Walle; Anastasia Dimou; Filip De Turck; Ruben Verborgh; Miel Vander Sande; Laurens De Vocht; Sam Coppens; Erik Mannens; Femke Ongenae; Tom De Nies,12
http://data.semanticweb.org/conference/iswc/2013,http://data.semanticweb.org/organization/gnowsis,Gnowsis,,,Bernhard Schandl,1
http://data.semanticweb.org/conference/iswc/2013,http://data.semanticweb.org/organization/goethe-university-frankfurt,Goethe University Frankfurt,,,Christian Chiarcos,1
http://data.semanticweb.org/conference/iswc/2013,http://data.semanticweb.org/organization/google-inc,Google Inc.,,,Ramanathan V. Guha; Haixun Wang; Dan Brickley,3
http://data.semanticweb.org/conference/iswc/2013,http://data.semanticweb.org/organization/griffith-university,Griffith University,,,Kewen Wang; Akshay Maan,2
http://data.semanticweb.org/conference/iswc/2013,http://data.semanticweb.org/organization/gsk,GSK,,,Stefan Senger,1
http://data.semanticweb.org/conference/iswc/2013,http://data.semanticweb.org/organization/hasso-plattner-institute,Hasso Plattner Institute,,,Magnus Knuth; Harald Sack,2
http://data.semanticweb.org/conference/iswc/2013,http://data.semanticweb.org/organization/heidelberg-institute-for-theoretical-studies,Heidelberg Institute for Theoretical Studies,,,Wolfgang Mueller; Quyen Ngyuen; Olga Krebs,3
http://data.semanticweb.org/conference/iswc/2013,http://data.semanticweb.org/organization/hewlett-packard-laboratories,Hewlett Packard Laboratories,,,Anupriya Ankolekar,1
http://data.semanticweb.org/conference/iswc/2013,http://data.semanticweb.org/organization/iaa-csic,IAA-CSIC,,,José Enrique Ruiz,1
http://data.semanticweb.org/conference/iswc/2013,http://data.semanticweb.org/organization/ibm,IBM,,,Pierpaolo Tommasi; Martin Stephenson,2
http://data.semanticweb.org/conference/iswc/2013,http://data.semanticweb.org/organization/ibm-china-research-laboratory,IBM China Research Laboratory,,,Yuan Ni; Guo Tong Xie; Gang Hu,3
http://data.semanticweb.org/conference/iswc/2013,http://data.semanticweb.org/organization/ibm-research,IBM Research,,,Jason Ellis; Wei Jia Shen; Spyros Kotoulas; Marco Luca Sbodio; M. Mustafa Rafique; Kavitha Srinivas; Veli Bicer; Chris Welty; Freddy Lecue; Vanessa Lopez; Achille Fokoue; Pol Mac Aonghusa; Mihaela Bornea; Glenn Wightwick; Thomas Erickson; Kevin McAuliffe; Simone Tallevi-Diotallevi,17
http://data.semanticweb.org/conference/iswc/2013,http://data.semanticweb.org/organization/ibm-thomas-j-watson-research-center,IBM Thomas J. Watson Research Center,,,Prateek Jain; Anastasios Kementsietsidis,2
http://data.semanticweb.org/conference/iswc/2013,http://data.semanticweb.org/organization/iicm-institute-for-information-systems-and-computer-media,IICM - Institute for Information Systems and Computer Media,,,Martin Ebner,1
http://data.semanticweb.org/conference/iswc/2013,http://data.semanticweb.org/organization/iiit-delhi,IIIT Delhi,,,Srikanta J. Bedathur,1
http://data.semanticweb.org/conference/iswc/2013,http://data.semanticweb.org/organization/iit-bombay,IIT Bombay,,,Vishwajeet Kumar; Ganesh Ramakrishnan,2
http://data.semanticweb.org/conference/iswc/2013,http://data.semanticweb.org/organization/ijs,IJS,,,Gregor Leban,1
http://data.semanticweb.org/conference/iswc/2013,http://data.semanticweb.org/organization/indiana-university,Indiana University,,,Ying Ding,1
http://data.semanticweb.org/conference/iswc/2013,http://data.semanticweb.org/organization/informatica-trentina,Informatica Trentina,,,Pavel Shvaiko,1
http://data.semanticweb.org/conference/iswc/2013,http://data.semanticweb.org/organization/inria,INRIA,,,Elena Cabrio; Amedeo Napoli; Manuel Atencia; Luca Costabello; Nabil Layaïda; Fabien Gandon; Melisachew Wudage Chekol; Jérôme Euzenat,8
http://data.semanticweb.org/conference/iswc/2013,http://data.semanticweb.org/organization/inria-sophia-antipolis,INRIA Sophia Antipolis,,,Serena Villata; Julien Cojan; Iacopo Vagliano,3
http://data.semanticweb.org/conference/iswc/2013,http://data.semanticweb.org/organization/insee,INSEE,,,Franck Cotton,1
http://data.semanticweb.org/conference/iswc/2013,http://data.semanticweb.org/organization/institute-for-infocomm-research,Institute for Infocomm Research,,,Yuzhang Feng; Shonali Krishnaswamy,2
http://data.semanticweb.org/conference/iswc/2013,http://data.semanticweb.org/organization/instituto-superior-tecnico,Instituto Superior Técnico,,,Sofia Pinto,1
http://data.semanticweb.org/conference/iswc/2013,http://data.semanticweb.org/organization/intersticia,Intersticia,,,Anni Rowland-Campbell,1
http://data.semanticweb.org/conference/iswc/2013,http://data.semanticweb.org/organization/ios-press,IOS Press,http://iswc2013.semanticweb.org/sites/default/files/sponsor_ios.png?1367054385,http://www.iospress.com/,,0
http://data.semanticweb.org/conference/iswc/2013,http://data.semanticweb.org/organization/irit,IRIT,,,Nathalie Hernandez; Camille Pradel,2
http://data.semanticweb.org/conference/iswc/2013,http://data.semanticweb.org/organization/isiusc,ISI/USC,,,Yolanda Gil; Shubham Gupta; Pedro Szekely; Mohsen Taheriyan; José Luis Ambite; Craig Knoblock,6
http://data.semanticweb.org/conference/iswc/2013,http://data.semanticweb.org/organization/isoco-sa,"iSOCO, S.A.",,,Jose Manuel Gomez-Perez; Esteban García-Cuesta; Boris Villazón-Terrazas; Aleix Garrido,4
http://data.semanticweb.org/conference/iswc/2013,http://data.semanticweb.org/organization/istc-cnr,ISTC-CNR,,,Valentina Presutti; Francesco Draicchio; Andrea Giovanni Nuzzolese; Aldo Gangemi,4
http://data.semanticweb.org/conference/iswc/2013,http://data.semanticweb.org/organization/isti-cnr,ISTI-CNR,,,Umberto Straccia,1
http://data.semanticweb.org/conference/iswc/2013,http://data.semanticweb.org/organization/italian-national-research-council,Italian National Research Council,,,Davide Taibi,1
http://data.semanticweb.org/conference/iswc/2013,http://data.semanticweb.org/organization/japan-advanced-institute-of-science-and-technology,Japan Advanced Institute of Science and Technology,,,Riichiro Mizoguchi,1
http://data.semanticweb.org/conference/iswc/2013,http://data.semanticweb.org/organization/joanneum-research-iis,"Joanneum Research, IIS",,,Claudia Wagner,1
http://data.semanticweb.org/conference/iswc/2013,http://data.semanticweb.org/organization/joenkoeping-university,Jönköping University,,,Karl Hammar,1
http://data.semanticweb.org/conference/iswc/2013,http://data.semanticweb.org/organization/jozef-stefan-institute,Jožef Stefan Institute,,,Marko Grobelnik; Dunja Mladenic; Carolina Fortuna; Blaž Fortuna,4
http://data.semanticweb.org/conference/iswc/2013,http://data.semanticweb.org/organization/kaist,KAIST,,,Satria Hutomo; Min-Joong Lee; Jong-Ryul Lee; Mun Yi; Myung-Jae Park; Sangyeon Kim; Saemi Jang; Soon Gill Hong; Chin-Wan Chung,9
http://data.semanticweb.org/conference/iswc/2013,http://data.semanticweb.org/organization/karlsruhe-institute-of-technology,Karlsruhe Institute of Technology,,,Rudi Studer; Maribel Acosta; Felix Leif Keppmann,3
http://data.semanticweb.org/conference/iswc/2013,http://data.semanticweb.org/organization/kazan-volga-region-federal-university,Kazan (Volga region) Federal University,,,Danila Zaikin; Vladimir Nevzorov; Olga Nevzorova; Alexander Kirillovich; Olga Zhibrik; Nikita Zhiltsov; Evgeniy Birialtsev,7
http://data.semanticweb.org/conference/iswc/2013,http://data.semanticweb.org/organization/kmi-the-open-university,"KMi, The Open University",,,Hassan Saif; Ilaria Tiddi; Harith Alani; Miriam Fernandez; Mathieu D'Aquin; Jacek Kopecky; Smitashree Choudhury; Liliana Cabral; Elizabeth Cano; Gregoire Burel; Enrico Motta; Fouad Zablith; John Domingue; Carlos Pedrinaci,14
http://data.semanticweb.org/conference/iswc/2013,http://data.semanticweb.org/organization/know-center,Know-Center,,,Viktoria Pammer,1
http://data.semanticweb.org/conference/iswc/2013,http://data.semanticweb.org/organization/kona-llc,KONA LLC,,,Marco Neumann,1
http://data.semanticweb.org/conference/iswc/2013,http://data.semanticweb.org/organization/korea-institute-of-science-and-technology-information,Korea Institute of Science and Technology Information,,,Hanmin Jung,1
http://data.semanticweb.org/conference/iswc/2013,http://data.semanticweb.org/organization/l3s-research-center,L3S Research Center,,,Stefan Dietze; Besnik Fetahu,2
http://data.semanticweb.org/conference/iswc/2013,http://data.semanticweb.org/organization/lancaster-university,Lancaster University,,,Matthew Rowe,1
http://data.semanticweb.org/conference/iswc/2013,http://data.semanticweb.org/organization/lehigh-university,Lehigh University,,,Xingjian Zhang; Sambhawa Priya; Jeff Heflin; Dezhao Song,4
http://data.semanticweb.org/conference/iswc/2013,http://data.semanticweb.org/organization/leipzig-university,Leipzig University,,,Lorenz Bühmann; Axel-Cyrille Ngonga Ngomo; Martin Brümmer; Ricardo Usbeck; Tommaso Soru; Jens Lehmann; Dimitris Kontokostas; Sören Auer; Sebastian Hellmann; Daniel Gerber; Amrapali Zaveri,11
http://data.semanticweb.org/conference/iswc/2013,http://data.semanticweb.org/organization/lig,LIG,,,Nabil Layaïda; Melisachew Wudage Chekol; Jérôme Euzenat,3
http://data.semanticweb.org/conference/iswc/2013,http://data.semanticweb.org/organization/linkoeping-university,Linköping University,,,Fang Wei-Kleiner; Eva Blomqvist,2
http://data.semanticweb.org/conference/iswc/2013,http://data.semanticweb.org/organization/loria,LORIA,,,Amedeo Napoli,1
http://data.semanticweb.org/conference/iswc/2013,http://data.semanticweb.org/organization/maastricht-university,Maastricht University,,,Egon Willighagen,1
http://data.semanticweb.org/conference/iswc/2013,http://data.semanticweb.org/organization/massachusetts-general-hospital,Massachusetts General Hospital,,,Paolo Ciccarese,1
http://data.semanticweb.org/conference/iswc/2013,http://data.semanticweb.org/organization/massachusetts-institute-of-technology,Massachusetts Institute of Technology,,,Sandro Hawke; Lalana Kagal; David R. Karger,3
http://data.semanticweb.org/conference/iswc/2013,http://data.semanticweb.org/organization/max-planck-institute-for-computer-science,Max Planck Institute for Computer Science,,,Stephan Seufert; Klaus Berberich; Johannes Hoffart; Fabian M. Suchanek,4
http://data.semanticweb.org/conference/iswc/2013,http://data.semanticweb.org/organization/mcgill-university,McGill University,,,Maxime Lavigne; Luke Mondor; David L. Buckeridge; Arash Shaban-Nejad; Anya Okhmatovskaia,5
http://data.semanticweb.org/conference/iswc/2013,http://data.semanticweb.org/organization/memect,Memect,,,Li Ding,1
http://data.semanticweb.org/conference/iswc/2013,http://data.semanticweb.org/organization/microsoft,Microsoft,,,Michael Pizzo,1
http://data.semanticweb.org/conference/iswc/2013,http://data.semanticweb.org/organization/microsoft-research,Microsoft Research,,,Evelyne Viegas,1
http://data.semanticweb.org/conference/iswc/2013,http://data.semanticweb.org/organization/mitre-corporation,Mitre Corporation,,,Ken Laskey,1
http://data.semanticweb.org/conference/iswc/2013,http://data.semanticweb.org/organization/modul-university-vienna,MODUL University Vienna,,,Marta Sabou,1
http://data.semanticweb.org/conference/iswc/2013,http://data.semanticweb.org/organization/monash-university,Monash University,,,Yuan-Fang Li; Shonali Krishnaswamy; Chetana Gavankar,3
http://data.semanticweb.org/conference/iswc/2013,http://data.semanticweb.org/organization/nanchang-hangkong-university,Nanchang Hangkong University,,,Fengyu Yang,1
http://data.semanticweb.org/conference/iswc/2013,http://data.semanticweb.org/organization/nanjing-university,Nanjing University,,,Yuzhong Qu; Yanan Zhang; Wei Hu; Gong Cheng,4
http://data.semanticweb.org/conference/iswc/2013,http://data.semanticweb.org/organization/national-and-kapodistrian-university-of-athens,National and Kapodistrian University of Athens,,,Manolis Koubarakis; Kostis Kyzirakos; Konstantina Bereta; George Garbis; Charalampos Nikolaou,5
http://data.semanticweb.org/conference/iswc/2013,http://data.semanticweb.org/organization/national-insititute-of-advanced-industrial-science-and-technology-japan,National Insititute of Advanced Industrial Science and Technology (Japan),,,Steven Lynden; Isao Kojima; Akiyoshi Matono; Akihito Nakamura,4
http://data.semanticweb.org/conference/iswc/2013,http://data.semanticweb.org/organization/national-institute-of-informatics,National Institute of Informatics,,,Ryutaro Ichise; Hideaki Takeda,2
http://data.semanticweb.org/conference/iswc/2013,http://data.semanticweb.org/organization/national-technical-university-of-athens,National Technical University of Athens,,,Giorgos Stoilos,1
http://data.semanticweb.org/conference/iswc/2013,http://data.semanticweb.org/organization/national-university-of-ireland-galway,"National University of Ireland, Galway",,,John Breslin,1
http://data.semanticweb.org/conference/iswc/2013,http://data.semanticweb.org/organization/nectec,NECTEC,,,Marut Buranarach,1
http://data.semanticweb.org/conference/iswc/2013,http://data.semanticweb.org/organization/nicta,NICTA,,,Guido Governatori,1
http://data.semanticweb.org/conference/iswc/2013,http://data.semanticweb.org/organization/nokia,Nokia,,,Ora Lassila,1
http://data.semanticweb.org/conference/iswc/2013,http://data.semanticweb.org/organization/north-carolina-state-university,North Carolina State University,,,Kemafor Anyanwu,1
http://data.semanticweb.org/conference/iswc/2013,http://data.semanticweb.org/organization/norwegian-university-of-science-and-technology,Norwegian University of Science and Technology,,,John S. Tyssedal,1
http://data.semanticweb.org/conference/iswc/2013,http://data.semanticweb.org/organization/ntt-docomo,NTT DoCoMo,,,Massimo Paolucci,1
http://data.semanticweb.org/conference/iswc/2013,http://data.semanticweb.org/organization/nuance-communications,Nuance Communications,,,Peter Patel-Schneider,1
http://data.semanticweb.org/conference/iswc/2013,http://data.semanticweb.org/organization/oak-ridge-national-laboratory,Oak Ridge National Laboratory,,,Line C. Pouchard,1
http://data.semanticweb.org/conference/iswc/2013,http://data.semanticweb.org/organization/oclc,OCLC,,,Shenghui Wang,1
http://data.semanticweb.org/conference/iswc/2013,http://data.semanticweb.org/organization/ontoforce,OntoForce,,,Hans Constandt,1
http://data.semanticweb.org/conference/iswc/2013,http://data.semanticweb.org/organization/ontotext,Ontotext,http://iswc2013.semanticweb.org/sites/default/files/ontotext_0.png?1369270976,http://www.ontotext.com/,,0
http://data.semanticweb.org/conference/iswc/2013,http://data.semanticweb.org/organization/openlink-software,OpenLink Software,http://iswc2013.semanticweb.org/sites/default/files/openlinklogo_wstrap_2008_0.png?1360536579,http://www.openlinksw.com/,Ivan Mikhailov; Kingsley Idehen; Yrjana Rankka,3
http://data.semanticweb.org/conference/iswc/2013,http://data.semanticweb.org/organization/oracle,Oracle,,,Zhe Wu; Melliyal Annamalai,2
http://data.semanticweb.org/conference/iswc/2013,http://data.semanticweb.org/organization/paris-8-university,Paris 8 University,,,Myriam Lamolle; Chan Le Duc,2
http://data.semanticweb.org/conference/iswc/2013,http://data.semanticweb.org/organization/paris-sorbonne-university,Paris-Sorbonne University,,,Milan Stankovic,1
http://data.semanticweb.org/conference/iswc/2013,http://data.semanticweb.org/organization/peerindex,PeerIndex,,,Mischa Tuffield,1
http://data.semanticweb.org/conference/iswc/2013,http://data.semanticweb.org/organization/pes-institute-of-technology,P.E.S. Institute of Technology,,,Kavi Mahesh; Karthik Rajendra Prasad; Apoorva Rao Balevalachilu; Aparna Nagarajan,4
http://data.semanticweb.org/conference/iswc/2013,http://data.semanticweb.org/organization/politecnico-di-milano,Politecnico di Milano,,,Marco Balduini; Emanuele Della Valle; Daniele Dell'Aglio,3
http://data.semanticweb.org/conference/iswc/2013,http://data.semanticweb.org/organization/pontifical-catholic-university-of-chile,Pontifical Catholic University of Chile,,,Carlos Buil Aranda,1
http://data.semanticweb.org/conference/iswc/2013,http://data.semanticweb.org/organization/pontifical-catholic-university-of-rio-de-janeiro,Pontifical Catholic University of Rio de Janeiro,,,Marco Antonio Casanova; Giseli Rabello Lopes; Daniel Schwabe; Bernardo Pereira Nunes; Alexander Arturo Mera Caraballo,5
http://data.semanticweb.org/conference/iswc/2013,http://data.semanticweb.org/organization/poznan-university-of-economics,Poznań University of Economics,,,Agata Filipowska,1
http://data.semanticweb.org/conference/iswc/2013,http://data.semanticweb.org/organization/previousnext,PreviousNext,http://iswc2013.semanticweb.org/sites/default/files/PNX_logo.png?1337921542,http://previousnext.com.au/,,0
http://data.semanticweb.org/conference/iswc/2013,http://data.semanticweb.org/organization/qatar-computing-research-institute,Qatar Computing Research Institute,,,Carlos Castillo,1
http://data.semanticweb.org/conference/iswc/2013,http://data.semanticweb.org/organization/queen-mary-university-of-london,"Queen Mary, University of London",,,Mark Sandler,1
http://data.semanticweb.org/conference/iswc/2013,http://data.semanticweb.org/organization/queensland-university-of-technology,Queensland University of Technology,,,Yuefeng Li,1
http://data.semanticweb.org/conference/iswc/2013,http://data.semanticweb.org/organization/recommind,Recommind,,,Olaf Görlitz,1
http://data.semanticweb.org/conference/iswc/2013,http://data.semanticweb.org/organization/rensselaer-polytechnic-institute,Rensselaer Polytechnic Institute,,,Jim Hendler; Brendan Ashby; Timothy Lebo; Peter Fox; Patrice Seyed; Evan Patton; Katherine Chastain; Deborah McGuinness,8
http://data.semanticweb.org/conference/iswc/2013,http://data.semanticweb.org/organization/royal-dutch-academy-of-sciences,Royal Dutch Academy of Sciences,,,Marat Charlaganov; Christophe Guéret; Christian Dinu,3
http://data.semanticweb.org/conference/iswc/2013,http://data.semanticweb.org/organization/royal-military-college-of-canada,Royal Military College of Canada,,,Amal Zouaq,1
http://data.semanticweb.org/conference/iswc/2013,http://data.semanticweb.org/organization/royal-society-of-chemistry,Royal Society of Chemistry,,,Antony Williams,1
http://data.semanticweb.org/conference/iswc/2013,http://data.semanticweb.org/organization/rsc,RSC,,,Valery Tkachenko; Karen Karapetyan,2
http://data.semanticweb.org/conference/iswc/2013,http://data.semanticweb.org/organization/samsung-electronics,Samsung Electronics,,,Pilsik Choi; Haklae Kim,2
http://data.semanticweb.org/conference/iswc/2013,http://data.semanticweb.org/organization/samsung-information-systems-america,Samsung Information Systems America,,,Jie Bao,1
http://data.semanticweb.org/conference/iswc/2013,http://data.semanticweb.org/organization/sapienza-university-of-rome,Sapienza University of Rome,,,Simone Paolo Ponzetto; Marco Ruzzi; Simona Valentini; Andrea Moro; Paolo Bottoni; Riccardo Rosati; Cinzia Daraio; Roberto Navigli; Miguel Ceriani; Marco Console,10
http://data.semanticweb.org/conference/iswc/2013,http://data.semanticweb.org/organization/seevlnet-mdg-web-ltd,"seevl.net, MDG Web ltd",,,Alexandre Passant,1
http://data.semanticweb.org/conference/iswc/2013,http://data.semanticweb.org/organization/semafor-systems,Semafor Systems,,,Gregor Heinrich,1
http://data.semanticweb.org/conference/iswc/2013,http://data.semanticweb.org/organization/semantic-arts-inc,"Semantic Arts, Inc.",,,Michael Uschold,1
http://data.semanticweb.org/conference/iswc/2013,http://data.semanticweb.org/organization/semantic-web-science-association,Semantic Web Science Association,http://iswc2013.semanticweb.org/sites/default/files/swsa_0.png?1352419265,http://swsa.semanticweb.org/,,0
http://data.semanticweb.org/conference/iswc/2013,http://data.semanticweb.org/organization/seoul-national-university,Seoul National University,,,Hong-Gee Kim,1
http://data.semanticweb.org/conference/iswc/2013,http://data.semanticweb.org/organization/sepage,Sépage,,,Milan Stankovic,1
http://data.semanticweb.org/conference/iswc/2013,http://data.semanticweb.org/organization/shanghai-jiao-tong-university,Shanghai Jiao Tong University,,,Kenny Zhu; Jack Sun; Haofen Wang; Franky,4
http://data.semanticweb.org/conference/iswc/2013,http://data.semanticweb.org/organization/siemens,Siemens,,,Axel Polleres,1
http://data.semanticweb.org/conference/iswc/2013,http://data.semanticweb.org/organization/simon-bolivar-university,Simón Bolívar University,,,Domingo De Abreu; Jonathan Queipo; Jose Sanchez; Simon Castillo; Jose Pinero; Alejandro Flores; Valeria Pestana; Maria Esther Vidal; Guillermo Palma,9
http://data.semanticweb.org/conference/iswc/2013,http://data.semanticweb.org/organization/southeast-university,Southeast University,,,Guilin Qi,1
http://data.semanticweb.org/conference/iswc/2013,http://data.semanticweb.org/organization/sri-international,SRI International,,,Vinay Chaudhri,1
http://data.semanticweb.org/conference/iswc/2013,http://data.semanticweb.org/organization/stanford-university,Stanford University,,,Tania Tudorache; Natasha F. Noy; Csongor I Nyulas; Jennifer Vendetti; Jonathan Mortensen; Paul Alexander; Csongor Nyulas; Trish Whetzel; Rave Harpaz; Mark Musen; Matthew Horridge; Raymond Fergerson; Manuel Salvadores,13
http://data.semanticweb.org/conference/iswc/2013,http://data.semanticweb.org/organization/sti-international,STI International,,,Lyndon Nixon,1
http://data.semanticweb.org/conference/iswc/2013,http://data.semanticweb.org/organization/studio-labo,studio labo,,,Cristian Confalonieri,1
http://data.semanticweb.org/conference/iswc/2013,http://data.semanticweb.org/organization/swiss-institute-of-bioinformatics,Swiss Institute of Bioinformatics,,,Jerven Bolleman,1
http://data.semanticweb.org/conference/iswc/2013,http://data.semanticweb.org/organization/technical-university-munich,Technical University Munich,,,Andrey Gubichev,1
http://data.semanticweb.org/conference/iswc/2013,http://data.semanticweb.org/organization/technical-university-of-madrid,Technical University of Madrid,,,Mari Carmen Suárez-Figueroa; Raúl García-Castro; Oscar Corcho; Asunción Gómez-Pérez; Jose Mora; Jean-Paul Calbimonte,6
http://data.semanticweb.org/conference/iswc/2013,http://data.semanticweb.org/organization/technische-universitaet-darmstadt,Technische Universität Darmstadt,,,Sven Hertling; Chris Biemann,2
http://data.semanticweb.org/conference/iswc/2013,http://data.semanticweb.org/organization/technische-universitaet-ilmenau,Technische Universität Ilmenau,,,Kai-Uwe Sattler,1
http://data.semanticweb.org/conference/iswc/2013,http://data.semanticweb.org/organization/thammasat-university,Thammasat University,,,Ekawit Nantajeewarawat,1
http://data.semanticweb.org/conference/iswc/2013,http://data.semanticweb.org/organization/the-open-university,The Open University,,,Stuart Brown; Paul Mulholland; Keerthi Thomas,3
http://data.semanticweb.org/conference/iswc/2013,http://data.semanticweb.org/organization/tno-netherlands,"TNO, Netherlands",,,Pierre van de Laar,1
http://data.semanticweb.org/conference/iswc/2013,http://data.semanticweb.org/organization/topquadrant-inc,TopQuadrant Inc.,,,Dean Allemang,1
http://data.semanticweb.org/conference/iswc/2013,http://data.semanticweb.org/organization/tsinghua-university,Tsinghua University,,,Zhigang Wang; Shuangjie Li; Mingyang Li; Yao Shi; Jie Tang; Yongbin Liu; Juanzi Li; Dongsheng Zhang,8
http://data.semanticweb.org/conference/iswc/2013,http://data.semanticweb.org/organization/united-states-army-research-laboratory,United States Army Research Laboratory,,,Kirk A. Ogaard; Elizabeth K. Bowman,2
http://data.semanticweb.org/conference/iswc/2013,http://data.semanticweb.org/organization/universidade-federal-do-espirito-santo,Universidade Federal do Espírito Santo,,,Giancarlo Guizzardi,1
http://data.semanticweb.org/conference/iswc/2013,http://data.semanticweb.org/organization/universidade-nova-de-lisboa,Universidade Nova de Lisboa,,,Vadim Ivanov; Matthias Knorr; Joao Leite,3
http://data.semanticweb.org/conference/iswc/2013,http://data.semanticweb.org/organization/universite-paris-est-ligm,"Université Paris-Est, LIGM",,,Olivier Curé,1
http://data.semanticweb.org/conference/iswc/2013,http://data.semanticweb.org/organization/university-of-aberdeen,University of Aberdeen,,,Edoardo Pignotti; John Nelson; Peter Edwards; Milan Markovic; Chris Baillie; Konstantinos Papangelis; Jeff Z. Pan; David Corsar,8
http://data.semanticweb.org/conference/iswc/2013,http://data.semanticweb.org/organization/university-of-alberta,University of Alberta,,,Denilson Barbosa,1
http://data.semanticweb.org/conference/iswc/2013,http://data.semanticweb.org/organization/university-of-applied-science-northweastern-switzerland,University of Applied Science Northweastern Switzerland,,,Holger Wache,1
http://data.semanticweb.org/conference/iswc/2013,http://data.semanticweb.org/organization/university-of-applied-sciences-and-arts-western-switzerland,University of Applied Sciences and Arts Western Switzerland,,,Marc Schaaf,1
http://data.semanticweb.org/conference/iswc/2013,http://data.semanticweb.org/organization/university-of-auckland,University of Auckland,,,Richard Hosking; Mark Gahegan; Jing Sun,3
http://data.semanticweb.org/conference/iswc/2013,http://data.semanticweb.org/organization/university-of-bari,University of Bari,,,Nicola Fanizzi; Giovanni Semeraro; Fedelucio Narducci; Claudia D'Amato,4
http://data.semanticweb.org/conference/iswc/2013,http://data.semanticweb.org/organization/university-of-birmingham,University of Birmingham,,,Christoph Lange,1
http://data.semanticweb.org/conference/iswc/2013,http://data.semanticweb.org/organization/university-of-bologna,University of Bologna,,,Paolo Ciancarini; Antonino Rotolo; Simone Tallevi-Diotallevi; Antonio Corradi; Luca Foschini; Silvio Peroni,6
http://data.semanticweb.org/conference/iswc/2013,http://data.semanticweb.org/organization/university-of-bremen,University of Bremen,,,Thomas Schneider; Inanc Seylan; Carsten Lutz,3
http://data.semanticweb.org/conference/iswc/2013,http://data.semanticweb.org/organization/university-of-brighton,University of Brighton,,,Peter Chapman; John Howse; Jim Burton; Gem Stapleton; Aidan Delaney,5
http://data.semanticweb.org/conference/iswc/2013,http://data.semanticweb.org/organization/university-of-bristol,University of Bristol,,,Trevor Martin,1
http://data.semanticweb.org/conference/iswc/2013,http://data.semanticweb.org/organization/university-of-california-santa-barbara,"University of California, Santa Barbara",,,Yingjie Hu; Krzysztof Janowicz; Grant McKenzie,3
http://data.semanticweb.org/conference/iswc/2013,http://data.semanticweb.org/organization/university-of-cambridge,University of Cambridge,,,Robert Hoehndorf,1
http://data.semanticweb.org/conference/iswc/2013,http://data.semanticweb.org/organization/university-of-chile,University of Chile,,,Claudio Gutierrez,1
http://data.semanticweb.org/conference/iswc/2013,http://data.semanticweb.org/organization/university-of-crete,University of Crete,,,Vassilis Christophides,1
http://data.semanticweb.org/conference/iswc/2013,http://data.semanticweb.org/organization/university-of-economics,University of Economics,,,Vojtech Svátek; Ondrej Svab-Zamazal,2
http://data.semanticweb.org/conference/iswc/2013,http://data.semanticweb.org/organization/university-of-edinburgh,University of Edinburgh,,,Egor V. Kostylev,1
http://data.semanticweb.org/conference/iswc/2013,http://data.semanticweb.org/organization/university-of-freiburg,University of Freiburg,,,Martin Przyjaciel-Zablocki; Georg Lausen; Alexander Schätzle,3
http://data.semanticweb.org/conference/iswc/2013,http://data.semanticweb.org/organization/university-of-fribourg,University of Fribourg,,,Alberto Tonon; Gianluca Demartini; Thomas Hornung; Philippe Cudré-Mauroux; Iliya Enchev; Teodor Macicas; Marcin Wylot; Martin Grund,8
http://data.semanticweb.org/conference/iswc/2013,http://data.semanticweb.org/organization/university-of-graz,University of Graz,,,Selver Softic; Markus Strohmaier,2
http://data.semanticweb.org/conference/iswc/2013,http://data.semanticweb.org/organization/university-of-grenoble,University of Grenoble,,,Manuel Atencia,1
http://data.semanticweb.org/conference/iswc/2013,http://data.semanticweb.org/organization/university-of-hasselt,University of Hasselt,,,Maarten Wijnants,1
http://data.semanticweb.org/conference/iswc/2013,http://data.semanticweb.org/organization/university-of-helsinki,University of Helsinki,,,Eero Hyvönen,1
http://data.semanticweb.org/conference/iswc/2013,http://data.semanticweb.org/organization/university-of-illinois-at-chicago,University of Illinois at Chicago,,,Isabel Cruz; Cosmin Stroe,2
http://data.semanticweb.org/conference/iswc/2013,http://data.semanticweb.org/organization/university-of-kassel,University of Kassel,,,Gerd Stumme; Dominik Benz,2
http://data.semanticweb.org/conference/iswc/2013,http://data.semanticweb.org/organization/university-of-koblenz-and-landau,University of Koblenz and Landau,,,Steffen Staab; Renata Dividino; Kasjen Kraemer; Gerd Gröner,4
http://data.semanticweb.org/conference/iswc/2013,http://data.semanticweb.org/organization/university-of-lausanne,University of Lausanne,,,Davide Picca,1
http://data.semanticweb.org/conference/iswc/2013,http://data.semanticweb.org/organization/university-of-lisbon,University of Lisbon,,,Francisco M. Couto; Emanuel Santos; Daniel Faria; Catia Pesquita,4
http://data.semanticweb.org/conference/iswc/2013,http://data.semanticweb.org/organization/university-of-liverpool,University of Liverpool,,,Valentina Tamma; Terry Payne; Sven Schewe; Frank Wolter,4
http://data.semanticweb.org/conference/iswc/2013,http://data.semanticweb.org/organization/university-of-london,University of London,,,Roman Kontchakov; Michael Zakharyaschev,2
http://data.semanticweb.org/conference/iswc/2013,http://data.semanticweb.org/organization/university-of-manchester,University of Manchester,,,Carole Goble; Alasdair J. G. Gray; Dmitry Tsarkov; Chiara Del Vescovo; Alasdair Gray; Uli Sattler; Nicolas Matentzoglu; Stuart Owen; Sean Bechhofer; Rafael S. Gonçalves; Bijan Parsia; Jacky. L. Snoep; Samantha Bail; Katherine Wolstencroft; Ulrike Sattler,15
http://data.semanticweb.org/conference/iswc/2013,http://data.semanticweb.org/organization/university-of-mannheim,University of Mannheim,,,Heiner Stuckenschmidt; Robert Meusel; Michael Schuhmacher; Johannes Knopp; Christian Meilicke; Heiko Paulheim; Dominique Ritze; Johanna Völker; Ansgar Scherp; Christian Bizer; Kai Eckert; Carsten Binnig,12
http://data.semanticweb.org/conference/iswc/2013,http://data.semanticweb.org/organization/university-of-maryland-baltimore-county,"University of Maryland, Baltimore County",,,Varish Mulwad; Tim Finin; Anupam Joshi,3
http://data.semanticweb.org/conference/iswc/2013,http://data.semanticweb.org/organization/university-of-maryland-college-park,"University of Maryland, College Park",,,Noseong Park; Jay Pujara; Lise Getoor; V.S. Subrahmanian; Michael Ovelgönne; Hui Miao,6
http://data.semanticweb.org/conference/iswc/2013,http://data.semanticweb.org/organization/university-of-milan,University of Milan,,,Alessio Palmero Aprosio,1
http://data.semanticweb.org/conference/iswc/2013,http://data.semanticweb.org/organization/university-of-milan-bicocca,University of Milan Bicocca,,,Matteo Palmonari,1
http://data.semanticweb.org/conference/iswc/2013,http://data.semanticweb.org/organization/university-of-montpellier,University of Montpellier,,,Francois Scharffe,1
http://data.semanticweb.org/conference/iswc/2013,http://data.semanticweb.org/organization/university-of-muenster,University of Münster,,,Carsten Keßler,1
http://data.semanticweb.org/conference/iswc/2013,http://data.semanticweb.org/organization/university-of-naples-federico-ii,University of Naples Federico II,,,Piero Bonatti; Luigi Sauro,2
http://data.semanticweb.org/conference/iswc/2013,http://data.semanticweb.org/organization/university-of-new-england-australia,University of New England (Australia),,,Gregory Falzon; David Lamb,2
http://data.semanticweb.org/conference/iswc/2013,http://data.semanticweb.org/organization/university-of-new-south-wales,University of New South Wales,,,Terry Roach; Siaw-Teng Liaw; Hairong Yu; Alireza Rahimi; Jane Taggart; Sherif Sakr,6
http://data.semanticweb.org/conference/iswc/2013,http://data.semanticweb.org/organization/university-of-oslo,University of Oslo,,,Kjetil Kjernsmo; Martin G. Skjæveland; Ahmet Soylu; Espen H. Lian; Evgenij Thorstensen; Martin Giese; Arild Waaler,7
http://data.semanticweb.org/conference/iswc/2013,http://data.semanticweb.org/organization/university-of-oviedo,University of Oviedo,,,Jose-Emilio Labra Gayo,1
http://data.semanticweb.org/conference/iswc/2013,http://data.semanticweb.org/organization/university-of-oxford,University of Oxford,,,Jun Zhao; Evgeny Kharlamov; Dmitriy Zheleznyakov; Yavor Nenov; Nadeschda Nikitina; Yujiao Zhou; Bernardo Cuenca Grau; Boris Motik; Thomas Lukasiewicz; Ernesto Jiménez-Ruiz; Markus Krötzsch; David De Roure; Ian Horrocks,13
http://data.semanticweb.org/conference/iswc/2013,http://data.semanticweb.org/organization/university-of-passau,University of Passau,,,Stefan Zwicklbauer; Michael Granitzer; Christoph Einsiedler; Christin Seifert,4
http://data.semanticweb.org/conference/iswc/2013,http://data.semanticweb.org/organization/university-of-pennsylvania,University of Pennsylvania,,,Medha Atre,1
http://data.semanticweb.org/conference/iswc/2013,http://data.semanticweb.org/organization/university-of-potsdam,University of Potsdam,,,Ernesto WilliamDe Luca,1
http://data.semanticweb.org/conference/iswc/2013,http://data.semanticweb.org/organization/university-of-queensland,University of Queensland,,,Tudor Groza; Lianli Gao; Jane Hunter; Chih-Hao Yu,4
http://data.semanticweb.org/conference/iswc/2013,http://data.semanticweb.org/organization/university-of-sheffield,University of Sheffield,,,Diana Maynard; Ziqi Zhang; Fabio Ciravegna; Anna Lisa Gentile; Danica Damljanovic; Isabelle Augenstein; Kalina Bontcheva; Stuart Wrigley,8
http://data.semanticweb.org/conference/iswc/2013,http://data.semanticweb.org/organization/university-of-southampton,University of Southampton,,,Nicholas Gibbins; Luc Moreau; Kieron O'Hara; Gianluca Correndo; Elena Simperl,5
http://data.semanticweb.org/conference/iswc/2013,http://data.semanticweb.org/organization/university-of-southern-california,University of Southern California,,,Gully Burns; Animesh Manglik,2
http://data.semanticweb.org/conference/iswc/2013,http://data.semanticweb.org/organization/university-of-surrey,University of Surrey,,,Payam Barnaghi,1
http://data.semanticweb.org/conference/iswc/2013,http://data.semanticweb.org/organization/university-of-technology-sydney,"University of Technology, Sydney",http://iswc2013.semanticweb.org/sites/default/files/uts-logo.png?1363561955,http://www.uts.edu.au/,Mary-Anne Williams; Ben Johnston,2
http://data.semanticweb.org/conference/iswc/2013,http://data.semanticweb.org/organization/university-of-texas-at-austin,University of Texas at Austin,,,Juan Sequeda; Daniel Miranker; Albert Haque; Aibo Tian,4
http://data.semanticweb.org/conference/iswc/2013,http://data.semanticweb.org/organization/university-of-toronto,University of Toronto,,,Michael Gruninger,1
http://data.semanticweb.org/conference/iswc/2013,http://data.semanticweb.org/organization/university-of-toulouse-ii-le-mirail,University of Toulouse II – Le Mirail,,,Ollivier Haemmerlé,1
http://data.semanticweb.org/conference/iswc/2013,http://data.semanticweb.org/organization/university-of-trento,University of Trento,,,Zolzaya Dashdorj; Paolo Bouquet; Fausto Giunchiglia,3
http://data.semanticweb.org/conference/iswc/2013,http://data.semanticweb.org/organization/university-of-turin,University of Turin,,,Francesco Osborne,1
http://data.semanticweb.org/conference/iswc/2013,http://data.semanticweb.org/organization/university-of-ulm,University of Ulm,,,Yevgeny Kazakov; Pavel Klinov; Birte Glimm,3
http://data.semanticweb.org/conference/iswc/2013,http://data.semanticweb.org/organization/university-of-victoria,University of Victoria,,,Margaret-Anne Storey; Bo Fu,2
http://data.semanticweb.org/conference/iswc/2013,http://data.semanticweb.org/organization/university-of-waterloo,University of Waterloo,,,Olaf Hartig; David Toman,2
http://data.semanticweb.org/conference/iswc/2013,http://data.semanticweb.org/organization/university-of-western-sydney,University of Western Sydney,,,Yi Zhou,1
http://data.semanticweb.org/conference/iswc/2013,http://data.semanticweb.org/organization/university-of-wollongong,University of Wollongong,,,Peter Eklund,1
http://data.semanticweb.org/conference/iswc/2013,http://data.semanticweb.org/organization/university-of-wuerzburg,University of Würzburg,,,Andreas Hotho,1
http://data.semanticweb.org/conference/iswc/2013,http://data.semanticweb.org/organization/university-of-zaragoza,University of Zaragoza,,,Fernando Bobillo,1
http://data.semanticweb.org/conference/iswc/2013,http://data.semanticweb.org/organization/university-of-zurich,University of Zurich,,,Lorenz Fischer; Mihaela Verman; Cosmin Basca; Thomas Scharrenbach; Philip Stutz; Abraham Bernstein,6
http://data.semanticweb.org/conference/iswc/2013,http://data.semanticweb.org/organization/vertical-search-works,Vertical Search Works,,,Mike Pool,1
http://data.semanticweb.org/conference/iswc/2013,http://data.semanticweb.org/organization/vienna-university-of-technology,Vienna University of Technology,,,Thomas Krennwallner,1
http://data.semanticweb.org/conference/iswc/2013,http://data.semanticweb.org/organization/vnu-university-of-engineering-and-technology,VNU University of Engineering and Technology,,,Son Bao Pham; Dat Quoc Nguyen; Dai Quoc Nguyen,3
http://data.semanticweb.org/conference/iswc/2013,http://data.semanticweb.org/organization/vrije-universiteit-amsterdam,Vrije Universiteit Amsterdam,,,Ceriel Jacobs; Henri Bal; Sever Fundatureanu; Lora Aroyo; Alessandro Margara; Willem Robert Van Hage; Antonis Loizou; Sara Magliacane; Piek Vossen; Jesper Hoeksema; Pieter De Leenheer; Marieke Van Erp; Laura Hollink; Jacopo Urbani; Antoine Isaac; Stefan Schlobach; Antske Fokkens; Rinke Hoekstra; Frank Van Harmelen; Paul Groth,20
http://data.semanticweb.org/conference/iswc/2013,http://data.semanticweb.org/organization/vulcan-inc,Vulcan Inc.,,,Jesse Jiaxin Wang,1
http://data.semanticweb.org/conference/iswc/2013,http://data.semanticweb.org/organization/w3c,W3C,,,Sandro Hawke; Phil Archer; Ivan Herman; Harry Halpin,4
http://data.semanticweb.org/conference/iswc/2013,http://data.semanticweb.org/organization/w3c-australia,W3C Australia,http://iswc2013.semanticweb.org/sites/default/files/aulogo-short.png?1359690256,http://www.w3c.org.au/,,0
http://data.semanticweb.org/conference/iswc/2013,http://data.semanticweb.org/organization/web-directions,Web Directions,,,Maxine Sherrin,1
http://data.semanticweb.org/conference/iswc/2013,http://data.semanticweb.org/organization/web-directions-south,Web Directions South,http://iswc2013.semanticweb.org/sites/default/files/web_directions_logo.png?1363578397,http://www.webdirections.org/,,0
http://data.semanticweb.org/conference/iswc/2013,http://data.semanticweb.org/organization/webmediabrands,WebMediaBrands,,,Eric Franzon,1
http://data.semanticweb.org/conference/iswc/2013,http://data.semanticweb.org/organization/wright-state-university,Wright State University,,,Amit Sheth; Kunal Sengupta; Krishnaprasad Thirunarayan; Pablo Mendes; Michelle Cheatham; Cory Henson; Pascal Hitzler; Raghava Mutharaju,8
http://data.semanticweb.org/conference/iswc/2013,http://data.semanticweb.org/organization/yahoo,Yahoo!,http://iswc2013.semanticweb.org/sites/default/files/yahoo.png?1367588806,http://www.yahoo.com/,,0
http://data.semanticweb.org/conference/iswc/2013,http://data.semanticweb.org/organization/yahoo-labs,Yahoo! Labs,,,Nicolas Torzec; Berkant Barla Cambazoglu,2
http://data.semanticweb.org/conference/iswc/2013,http://data.semanticweb.org/organization/yahoo-research,Yahoo! Research,,,Roi Blanco; Peter Mika; David A. Shamma,3
http://data.semanticweb.org/conference/iswc/2013,http://data.semanticweb.org/organization/yarmouk-university,Yarmouk University,,,Faisal Alkhateeb,1
http://data.semanticweb.org/conference/iswc/2013,http://data.semanticweb.org/organization/yeungnam-university,Yeungnam University,,,Jason Jung,1
http://data.semanticweb.org/conference/iswc/2013,http://data.semanticweb.org/organization/yonsei-university,Yonsei University,,,Kyong-Ho Lee; Jooik Jung,2
